{
    "name": "filterTable",
    "title": "jQuery FilterTable",
    "description": "Live searching/filtering for HTML tables with optional quick search buttons.",
    "keywords": [
        "table",
        "search",
        "filter"
    ],
    "version": "1.5.2",
    "author": {
        "name": "Sunny Walker",
        "url": "http://www.miraclesalad.com/"
    },
    "licenses": [
        {
            "type": "MIT",
            "url": "https://github.com/sunnywalker/jQuery.FilterTable/blob/master/MIT-LICENSE.txt"
        }
    ],
    "bugs": "https://github.com/sunnywalker/jQuery.FilterTable/issues",
    "homepage": "http://sunnywalker.github.io/jQuery.FilterTable/",
    "docs": "http://sunnywalker.github.io/jQuery.FilterTable/",
    "demo": "http://sunnywalker.github.io/jQuery.FilterTable/filtertable-quick.html",
    "dependencies": {
        "jquery": ">=1.4"
    }
}